,return
rsi_14,0.318110572698046
macd,0.044866555602383146
rolling_vol_3,0.03755029199424076
reddit_sentiment,0.0020238464720977382
Volume,-0.0004855028291535195
Close,-0.0012251515854065655
obv,-0.0012984823702487742
macd_signal,-0.011950690136632401
Low,-0.020338929544601744
High,-0.0232865955214101
Open,-0.039632470268646455
rolling_mean_3,-0.04078941858602496
ema_12,-0.05006206413129188
ema_26,-0.05335718584617784
bollinger_h,-0.05483620164638448
bollinger_m,-0.055239817793433746
bollinger_l,-0.055274801847429146
Close_lag1,-0.06192720328768493
return_lag1,-0.10834916150817814
twitter_sentiment,
news_sentiment,
